Workbook

Sheet КП
A1: КОММЕРЧЕСКОЕ ПРЕДЛОЖЕНИЕ ООО «НЕОСТРОЙ»
A2: Техническое обслуживание установок АПС, АУПТ и СОУЭ производственных подразделений филиала АО «РИР Энерго» — «Воронежская генерация», период оказания услуг: 01.01.2027–31.12.2027 (закупка № 637, лот 1, спецификация 1)
A3: Цены — руб. без НДС; НДС 22 % начисляется на итог. Количество оборудования — по Приложениям 1–8 ТЗ.
A5: № | B5: Наименование услуги / материала | C5: Ед. изм. | D5: Кол-во | E5: Цена за ед. в месяц, руб. без НДС | F5: Стоимость в месяц, руб. без НДС | G5: Кол-во месяцев | H5: Стоимость за период, руб. без НДС | I5: Примечание
A6: 1. | B6: ПП ТЭЦ-1 (ул. Лебедева, 2) — АПС, СОУЭ (Прил. 1)
A7: 1.1 | B7: ТО прибора приёмно-контрольного, пульта, прибора управления (С2000М, Сигнал-20П/10, Гранит, С2000-АСПТ, Рубеж-20П и др.) | C7: шт | D7: 34 | E7: 3620.43 | F7: =ROUND(D7*E7,2) -> 123094.62 | G7: 12 | H7: =F7*G7 -> 1477135.4
A8: 1.2 | B8: ТО блока системы (С2000-КДЛ, СП1/СП2, КПБ, БКИ, ПИ, ПТ, БРИЗ, барьеры искрозащиты и др.) | C8: шт | D8: 12 | E8: 240.35 | F8: =ROUND(D8*E8,2) -> 2884.2 | G8: 12 | H8: =F8*G8 -> 34610.4
A9: 1.3 | B9: ТО источника электропитания резервированного (РИП, Скат, ИВЭПР, ББП) | C9: шт | D9: 9 | E9: 493.35 | F9: =ROUND(D9*E9,2) -> 4440.15 | G9: 12 | H9: =F9*G9 -> 53281.8
A10: 1.4 | B10: ТО аккумуляторной батареи (контроль напряжения и ёмкости) | C10: шт | D10: 21 | E10: 240.35 | F10: =ROUND(D10*E10,2) -> 5047.35 | G10: 12 | H10: =F10*G10 -> 60568.2
A11: 1.5 | B11: ТО извещателя пожарного автоматического точечного (дымового, теплового) | C11: шт | D11: 1318 | E11: 101.2 | F11: =ROUND(D11*E11,2) -> 133381.6 | G11: 12 | H11: =F11*G11 -> 1600579.2
A12: 1.6 | B12: ТО извещателя пожарного пламени (Спектрон, Пульсар, Набат) | C12: шт | D12: 12 | E12: 126.5 | F12: =ROUND(D12*E12,2) -> 1518 | G12: 12 | H12: =F12*G12 -> 18216
A13: 1.7 | B13: ТО извещателя пожарного ручного, УДП, ЭДУ | C13: шт | D13: 144 | E13: 88.55 | F13: =ROUND(D13*E13,2) -> 12751.2 | G13: 12 | H13: =F13*G13 -> 153014.4
A14: 1.8 | B14: ТО оповещателя (светового, звукового, речевого, табло «Выход») | C14: шт | D14: 205 | E14: 123.97 | F14: =ROUND(D14*E14,2) -> 25413.85 | G14: 12 | H14: =F14*G14 -> 304966.2
A15: 1.9 | B15: ТО прибора речевого оповещения СОУЭ (Орфей, Рокот, Соната) | C15: шт | D15: 4 | E15: 1265 | F15: =ROUND(D15*E15,2) -> 5060 | G15: 12 | H15: =F15*G15 -> 60720
A16: 1.10 | B16: ТО шлейфов сигнализации и линий связи (осмотр, измерение параметров) | C16: 100 м | D16: 162.2 | E16: 25.3 | F16: =ROUND(D16*E16,2) -> 4103.66 | G16: 12 | H16: =F16*G16 -> 49243.92
A17: 1.11 | B17: ТО коробок коммутационных/распределительных, шкафов, автоматов питания | C17: шт | D17: 201 | E17: 25.3 | F17: =ROUND(D17*E17,2) -> 5085.3 | G17: 12 | H17: =F17*G17 -> 61023.6
B18: Итого по разделу | F18: =SUM(F7:F17) -> 322779.93 | H18: =SUM(H7:H17) -> 3873359.2
A19: 2. | B19: ПГУ-223 ПП ТЭЦ-1 — АПС, управление АУПТ (Прил. 2)
A20: 2.1 | B20: ТО прибора приёмно-контрольного, пульта, прибора управления (С2000М, Сигнал-20П/10, Гранит, С2000-АСПТ, Рубеж-20П и др.) | C20: шт | D20: 22 | E20: 3620.43 | F20: =ROUND(D20*E20,2) -> 79649.46 | G20: 12 | H20: =F20*G20 -> 955793.52
A21: 2.2 | B21: ТО блока системы (С2000-КДЛ, СП1/СП2, КПБ, БКИ, ПИ, ПТ, БРИЗ, барьеры искрозащиты и др.) | C21: шт | D21: 45 | E21: 240.35 | F21: =ROUND(D21*E21,2) -> 10815.75 | G21: 12 | H21: =F21*G21 -> 129789
A22: 2.3 | B22: ТО источника электропитания резервированного (РИП, Скат, ИВЭПР, ББП) | C22: шт | D22: 26 | E22: 493.35 | F22: =ROUND(D22*E22,2) -> 12827.1 | G22: 12 | H22: =F22*G22 -> 153925.2
A23: 2.4 | B23: ТО аккумуляторной батареи (контроль напряжения и ёмкости) | C23: шт | D23: 35 | E23: 240.35 | F23: =ROUND(D23*E23,2) -> 8412.25 | G23: 12 | H23: =F23*G23 -> 100947
A24: 2.5 | B24: ТО извещателя пожарного автоматического точечного (дымового, теплового) | C24: шт | D24: 436 | E24: 101.2 | F24: =ROUND(D24*E24,2) -> 44123.2 | G24: 12 | H24: =F24*G24 -> 529478.4
A25: 2.6 | B25: ТО извещателя пожарного во взрывозащищённом/искробезопасном исполнении | C25: шт | D25: 12 | E25: 246.68 | F25: =ROUND(D25*E25,2) -> 2960.16 | G25: 12 | H25: =F25*G25 -> 35521.92
A26: 2.7 | B26: ТО извещателя пожарного пламени (Спектрон, Пульсар, Набат) | C26: шт | D26: 14 | E26: 126.5 | F26: =ROUND(D26*E26,2) -> 1771 | G26: 12 | H26: =F26*G26 -> 21252
A27: 2.8 | B27: ТО линейного теплового извещателя (термокабель) | C27: 100 м | D27: 14.2 | E27: 379.5 | F27: =ROUND(D27*E27,2) -> 5388.9 | G27: 12 | H27: =F27*G27 -> 64666.8
A28: 2.9 | B28: ТО извещателя пожарного ручного, УДП, ЭДУ | C28: шт | D28: 201 | E28: 88.55 | F28: =ROUND(D28*E28,2) -> 17798.55 | G28: 12 | H28: =F28*G28 -> 213582.6
A29: 2.10 | B29: ТО извещателя охранного (магнитоконтактного, ИК) в составе систем | C29: шт | D29: 190 | E29: 75.9 | F29: =ROUND(D29*E29,2) -> 14421 | G29: 12 | H29: =F29*G29 -> 173052
A30: 2.11 | B30: ТО оповещателя (светового, звукового, речевого, табло «Выход») | C30: шт | D30: 283 | E30: 123.97 | F30: =ROUND(D30*E30,2) -> 35083.51 | G30: 12 | H30: =F30*G30 -> 421002.12
A31: 2.12 | B31: Сопровождение ПО АРМ «Орион Про» (резервное копирование баз, проверка связи) | C31: к-т | D31: 1 | E31: 4301 | F31: =ROUND(D31*E31,2) -> 4301 | G31: 12 | H31: =F31*G31 -> 51612
A32: 2.13 | B32: ТО шлейфов сигнализации и линий связи (осмотр, измерение параметров) | C32: 100 м | D32: 121.505 | E32: 25.3 | F32: =ROUND(D32*E32,2) -> 3074.08 | G32: 12 | H32: =F32*G32 -> 36888.96
B33: Итого по разделу | F33: =SUM(F20:F32) -> 240625.96 | H33: =SUM(H20:H32) -> 2887511.5
A34: 3. | B34: ПП ТЭЦ-2, старая часть (пр. Ясный, 1а) — АПС, СОУЭ (Прил. 3)
A35: 3.1 | B35: ТО прибора приёмно-контрольного, пульта, прибора управления (С2000М, Сигнал-20П/10, Гранит, С2000-АСПТ, Рубеж-20П и др.) | C35: шт | D35: 22 | E35: 3620.43 | F35: =ROUND(D35*E35,2) -> 79649.46 | G35: 12 | H35: =F35*G35 -> 955793.52
A36: 3.2 | B36: ТО блока системы (С2000-КДЛ, СП1/СП2, КПБ, БКИ, ПИ, ПТ, БРИЗ, барьеры искрозащиты и др.) | C36: шт | D36: 34 | E36: 240.35 | F36: =ROUND(D36*E36,2) -> 8171.9 | G36: 12 | H36: =F36*G36 -> 98062.8
A37: 3.3 | B37: ТО источника электропитания резервированного (РИП, Скат, ИВЭПР, ББП) | C37: шт | D37: 19 | E37: 493.35 | F37: =ROUND(D37*E37,2) -> 9373.65 | G37: 12 | H37: =F37*G37 -> 112483.8
A38: 3.4 | B38: ТО аккумуляторной батареи (контроль напряжения и ёмкости) | C38: шт | D38: 14 | E38: 240.35 | F38: =ROUND(D38*E38,2) -> 3364.9 | G38: 12 | H38: =F38*G38 -> 40378.8
A39: 3.5 | B39: ТО извещателя пожарного автоматического точечного (дымового, теплового) | C39: шт | D39: 773 | E39: 101.2 | F39: =ROUND(D39*E39,2) -> 78227.6 | G39: 12 | H39: =F39*G39 -> 938731.2
A40: 3.6 | B40: ТО извещателя пожарного во взрывозащищённом/искробезопасном исполнении | C40: шт | D40: 25 | E40: 246.68 | F40: =ROUND(D40*E40,2) -> 6167 | G40: 12 | H40: =F40*G40 -> 74004
A41: 3.7 | B41: ТО извещателя пожарного дымового линейного ИПДЛ | C41: к-т | D41: 5 | E41: 506 | F41: =ROUND(D41*E41,2) -> 2530 | G41: 12 | H41: =F41*G41 -> 30360
A42: 3.8 | B42: ТО линейного теплового извещателя (термокабель) | C42: 100 м | D42: 5 | E42: 379.5 | F42: =ROUND(D42*E42,2) -> 1897.5 | G42: 12 | H42: =F42*G42 -> 22770
A43: 3.9 | B43: ТО извещателя пожарного ручного, УДП, ЭДУ | C43: шт | D43: 95 | E43: 88.55 | F43: =ROUND(D43*E43,2) -> 8412.25 | G43: 12 | H43: =F43*G43 -> 100947
A44: 3.10 | B44: ТО извещателя охранного (магнитоконтактного, ИК) в составе систем | C44: шт | D44: 34 | E44: 75.9 | F44: =ROUND(D44*E44,2) -> 2580.6 | G44: 12 | H44: =F44*G44 -> 30967.2
A45: 3.11 | B45: ТО оповещателя (светового, звукового, речевого, табло «Выход») | C45: шт | D45: 144 | E45: 123.97 | F45: =ROUND(D45*E45,2) -> 17851.68 | G45: 12 | H45: =F45*G45 -> 214220.16
A46: 3.12 | B46: ТО прибора речевого оповещения СОУЭ (Орфей, Рокот, Соната) | C46: шт | D46: 1 | E46: 1265 | F46: =ROUND(D46*E46,2) -> 1265 | G46: 12 | H46: =F46*G46 -> 15180
... A48: 3.14 | B48: ТО шлейфов сигнализации и линий связи (осмотр, измерение параметров) | C48: 100 м | D48: 83.1 | E48: 25.3 | F48: =ROUND(D48*E48,2) -> 2102.43 | G48: 12 | H48: =F48*G48 -> 25229.16
B49: Итого по разделу | F49: =SUM(F35:F48) -> 225894.97 | H49: =SUM(H35:H48) -> 2710739.6
A50: 4. | B50: ПГУ-115 ПП ТЭЦ-2 — АПС, порошковое АУПТ (Прил. 4)
A51: 4.1 | B51: ТО прибора приёмно-контрольного, пульта, прибора управления (С2000М, Сигнал-20П/10, Гранит, С2000-АСПТ, Рубеж-20П и др.) | C51: шт | D51: 5 | E51: 3620.43 | F51: =ROUND(D51*E51,2) -> 18102.15 | G51: 12 | H51: =F51*G51 -> 217225.8
A52: 4.2 | B52: ТО блока системы (С2000-КДЛ, СП1/СП2, КПБ, БКИ, ПИ, ПТ, БРИЗ, барьеры искрозащиты и др.) | C52: шт | D52: 47 | E52: 240.35 | F52: =ROUND(D52*E52,2) -> 11296.45 | G52: 12 | H52: =F52*G52 -> 135557.4
A53: 4.3 | B53: ТО источника электропитания резервированного (РИП, Скат, ИВЭПР, ББП) | C53: шт | D53: 3 | E53: 493.35 | F53: =ROUND(D53*E53,2) -> 1480.05 | G53: 12 | H53: =F53*G53 -> 17760.6
A54: 4.4 | B54: ТО извещателя пожарного автоматического точечного (дымового, теплового) | C54: шт | D54: 157 | E54: 101.2 | F54: =ROUND(D54*E54,2) -> 15888.4 | G54: 12 | H54: =F54*G54 -> 190660.8
A55: 4.5 | B55: ТО извещателя пожарного во взрывозащищённом/искробезопасном исполнении | C55: шт | D55: 4 | E55: 246.68 | F55: =ROUND(D55*E55,2) -> 986.72 | G55: 12 | H55: =F55*G55 -> 11840.64
A56: 4.6 | B56: ТО извещателя пожарного ручного, УДП, ЭДУ | C56: шт | D56: 16 | E56: 88.55 | F56: =ROUND(D56*E56,2) -> 1416.8 | G56: 12 | H56: =F56*G56 -> 17001.6
A57: 4.7 | B57: ТО оповещателя (светового, звукового, речевого, табло «Выход») | C57: шт | D57: 45 | E57: 123.97 | F57: =ROUND(D57*E57,2) -> 5578.65 | G57: 12 | H57: =F57*G57 -> 66943.8
A58: 4.8 | B58: ТО модуля порошкового пожаротушения (Буран-8взр) | C58: шт | D58: 4 | E58: 1138.5 | F58: =ROUND(D58*E58,2) -> 4554 | G58: 12 | H58: =F58*G58 -> 54648
A59: 4.9 | B59: Сопровождение ПО АРМ «Орион Про» (резервное копирование баз, проверка связи) | C59: к-т | D59: 1 | E59: 4301 | F59: =ROUND(D59*E59,2) -> 4301 | G59: 12 | H59: =F59*G59 -> 51612
A60: 4.10 | B60: ТО шлейфов сигнализации и линий связи (осмотр, измерение параметров) | C60: 100 м | D60: 30.8 | E60: 25.3 | F60: =ROUND(D60*E60,2) -> 779.24 | G60: 12 | H60: =F60*G60 -> 9350.88
B61: Итого по разделу | F61: =SUM(F51:F60) -> 64383.46 | H61: =SUM(H51:H60) -> 772601.52
A62: 5. | B62: ПП Тепловые сети (ул. С. Перовской, 7; Пешестрелецкая, 84; Ясный, 1а; Лебедева, 2) — АПС, СОУЭ (Прил. 5)
A63: 5.1 | B63: ТО прибора приёмно-контрольного, пульта, прибора управления (С2000М, Сигнал-20П/10, Гранит, С2000-АСПТ, Рубеж-20П и др.) | C63: шт | D63: 31 | E63: 3620.43 | F63: =ROUND(D63*E63,2) -> 112233.33 | G63: 12 | H63: =F63*G63 -> 1346800
A64: 5.2 | B64: ТО блока системы (С2000-КДЛ, СП1/СП2, КПБ, БКИ, ПИ, ПТ, БРИЗ, барьеры искрозащиты и др.) | C64: шт | D64: 7 | E64: 240.35 | F64: =ROUND(D64*E64,2) -> 1682.45 | G64: 12 | H64: =F64*G64 -> 20189.4
A65: 5.3 | B65: ТО источника электропитания резервированного (РИП, Скат, ИВЭПР, ББП) | C65: шт | D65: 9 | E65: 493.35 | F65: =ROUND(D65*E65,2) -> 4440.15 | G65: 12 | H65: =F65*G65 -> 53281.8
A66: 5.4 | B66: ТО аккумуляторной батареи (контроль напряжения и ёмкости) | C66: шт | D66: 4 | E66: 240.35 | F66: =ROUND(D66*E66,2) -> 961.4 | G66: 12 | H66: =F66*G66 -> 11536.8
A67: 5.5 | B67: ТО извещателя пожарного автоматического точечного (дымового, теплового) | C67: шт | D67: 698 | E67: 101.2 | F67: =ROUND(D67*E67,2) -> 70637.6 | G67: 12 | H67: =F67*G67 -> 847651.2
A68: 5.6 | B68: ТО извещателя пожарного во взрывозащищённом/искробезопасном исполнении | C68: шт | D68: 29 | E68: 246.68 | F68: =ROUND(D68*E68,2) -> 7153.72 | G68: 12 | H68: =F68*G68 -> 85844.64
A69: 5.7 | B69: ТО извещателя пожарного ручного, УДП, ЭДУ | C69: шт | D69: 83 | E69: 88.55 | F69: =ROUND(D69*E69,2) -> 7349.65 | G69: 12 | H69: =F69*G69 -> 88195.8
A70: 5.8 | B70: ТО оповещателя (светового, звукового, речевого, табло «Выход») | C70: шт | D70: 162 | E70: 123.97 | F70: =ROUND(D70*E70,2) -> 20083.14 | G70: 12 | H70: =F70*G70 -> 240997.68
A71: 5.9 | B71: ТО шлейфов сигнализации и линий связи (осмотр, измерение параметров) | C71: 100 м | D71: 94.75 | E71: 25.3 | F71: =ROUND(D71*E71,2) -> 2397.18 | G71: 12 | H71: =F71*G71 -> 28766.16
B72: Итого по разделу | F72: =SUM(F63:F71) -> 226938.62 | H72: =SUM(H63:H71) -> 2723263.4
A73: 6. | B73: АУПТ ПП ТЭЦ-1 — водяное пожаротушение (Прил. 6)
A74: 6.1 | B74: ТО трубопроводов АУПТ (течи, уклоны, крепления, окраска) | C74: 100 м | D74: 43.23 | E74: 506 | F74: =ROUND(D74*E74,2) -> 21874.38 | G74: 12 | H74: =F74*G74 -> 262492.56
A75: 6.2 | B75: ТО запорной арматуры с ручным приводом (задвижки, затворы, вентили, клапаны, краны) | C75: шт | D75: 119 | E75: 379.5 | F75: =ROUND(D75*E75,2) -> 45160.5 | G75: 12 | H75: =F75*G75 -> 541926
A76: 6.3 | B76: ТО задвижки/затвора с электроприводом и схемой управления | C76: шт | D76: 31 | E76: 1960.75 | F76: =ROUND(D76*E76,2) -> 60783.25 | G76: 12 | H76: =F76*G76 -> 729399
A77: 6.4 | B77: ТО оросителя, пеногенератора, лафетного ствола (осмотр, очистка) | C77: шт | D77: 738 | E77: 35.42 | F77: =ROUND(D77*E77,2) -> 26139.96 | G77: 12 | H77: =F77*G77 -> 313679.52
A78: 6.5 | B78: ТО манометра, сигнализатора/реле давления | C78: шт | D78: 4 | E78: 349.14 | F78: =ROUND(D78*E78,2) -> 1396.56 | G78: 12 | H78: =F78*G78 -> 16758.72
B79: Итого по разделу | F79: =SUM(F74:F78) -> 155354.65 | H79: =SUM(H74:H78) -> 1864255.8
A80: 7. | B80: АУПТ ПП ТЭЦ-2 — водяное и пенное пожаротушение (Прил. 7)
A81: 7.1 | B81: ТО трубопроводов АУПТ (течи, уклоны, крепления, окраска) | C81: 100 м | D81: 53.12 | E81: 506 | F81: =ROUND(D81*E81,2) -> 26878.72 | G81: 12 | H81: =F81*G81 -> 322544.64
A82: 7.2 | B82: ТО запорной арматуры с ручным приводом (задвижки, затворы, вентили, клапаны, краны) | C82: шт | D82: 98 | E82: 379.5 | F82: =ROUND(D82*E82,2) -> 37191 | G82: 12 | H82: =F82*G82 -> 446292
A83: 7.3 | B83: ТО задвижки/затвора с электроприводом и схемой управления | C83: шт | D83: 33 | E83: 1960.75 | F83: =ROUND(D83*E83,2) -> 64704.75 | G83: 12 | H83: =F83*G83 -> 776457
A84: 7.4 | B84: ТО оросителя, пеногенератора, лафетного ствола (осмотр, очистка) | C84: шт | D84: 249 | E84: 35.42 | F84: =ROUND(D84*E84,2) -> 8819.58 | G84: 12 | H84: =F84*G84 -> 105834.96
A85: 7.5 | B85: ТО манометра, сигнализатора/реле давления | C85: шт | D85: 36 | E85: 349.14 | F85: =ROUND(D85*E85,2) -> 12569.04 | G85: 12 | H85: =F85*G85 -> 150828.48
A86: 7.6 | B86: ТО насосного агрегата пожаротушения | C86: шт | D86: 8 | E86: 6694.38 | F86: =ROUND(D86*E86,2) -> 53555.04 | G86: 12 | H86: =F86*G86 -> 642660.48
A87: 7.7 | B87: ТО бака (пенообразователя, мембранного) | C87: шт | D87: 3 | E87: 759 | F87: =ROUND(D87*E87,2) -> 2277 | G87: 12 | H87: =F87*G87 -> 27324
B88: Итого по разделу | F88: =SUM(F81:F87) -> 205995.13 | H88: =SUM(H81:H87) -> 2471941.6
A89: 8. | B89: ПП Городские тепловые сети (Кольцовская, 78; Плехановская, 17; Туполева, 31к; Б. Хмельницкого, 79к) — АПС, СОУЭ (Прил. 8)
A90: 8.1 | B90: ТО прибора приёмно-контрольного, пульта, прибора управления (С2000М, Сигнал-20П/10, Гранит, С2000-АСПТ, Рубеж-20П и др.) | C90: шт | D90: 6 | E90: 3620.43 | F90: =ROUND(D90*E90,2) -> 21722.58 | G90: 12 | H90: =F90*G90 -> 260670.96
A91: 8.2 | B91: ТО блока системы (С2000-КДЛ, СП1/СП2, КПБ, БКИ, ПИ, ПТ, БРИЗ, барьеры искрозащиты и др.) | C91: шт | D91: 1 | E91: 240.35 | F91: =ROUND(D91*E91,2) -> 240.35 | G91: 12 | H91: =F91*G91 -> 2884.2
A92: 8.3 | B92: ТО источника электропитания резервированного (РИП, Скат, ИВЭПР, ББП) | C92: шт | D92: 1 | E92: 493.35 | F92: =ROUND(D92*E92,2) -> 493.35 | G92: 12 | H92: =F92*G92 -> 5920.2
A93: 8.4 | B93: ТО аккумуляторной батареи (контроль напряжения и ёмкости) | C93: шт | D93: 2 | E93: 240.35 | F93: =ROUND(D93*E93,2) -> 480.7 | G93: 12 | H93: =F93*G93 -> 5768.4
A94: 8.5 | B94: ТО извещателя пожарного автоматического точечного (дымового, теплового) | C94: шт | D94: 187 | E94: 101.2 | F94: =ROUND(D94*E94,2) -> 18924.4 | G94: 12 | H94: =F94*G94 -> 227092.8
A95: 8.6 | B95: ТО извещателя пожарного ручного, УДП, ЭДУ | C95: шт | D95: 19 | E95: 88.55 | F95: =ROUND(D95*E95,2) -> 1682.45 | G95: 12 | H95: =F95*G95 -> 20189.4
A96: 8.7 | B96: ТО оповещателя (светового, звукового, речевого, табло «Выход») | C96: шт | D96: 41 | E96: 123.97 | F96: =ROUND(D96*E96,2) -> 5082.77 | G96: 12 | H96: =F96*G96 -> 60993.24
A97: 8.8 | B97: ТО шлейфов сигнализации и линий связи (осмотр, измерение параметров) | C97: 100 м | D97: 34.2 | E97: 25.3 | F97: =ROUND(D97*E97,2) -> 865.26 | G97: 12 | H97: =F97*G97 -> 10383.12
A98: 8.9 | B98: ТО коробок коммутационных/распределительных, шкафов, автоматов питания | C98: шт | D98: 2 | E98: 25.3 | F98: =ROUND(D98*E98,2) -> 50.6 | G98: 12 | H98: =F98*G98 -> 607.2
B99: Итого по разделу | F99: =SUM(F90:F98) -> 49542.46 | H99: =SUM(H90:H98) -> 594509.52
B100: ИТОГО РЕГЛАМЕНТНОЕ ТЕХНИЧЕСКОЕ ОБСЛУЖИВАНИЕ | F100: =F18+F33+F49+F61+F72+F79+F88+F99 -> 1491515.2 | H100: =H18+H33+H49+H61+H72+H79+H88+H99 -> 17898182
A102: 9. | B102: Разовые работы 2027 года (по Приложению 10 ТЗ)
A103: 9.1 | B103: Гидравлические испытания (опрессовка) и промывка трубопроводов АУПТ (системы ГК, ПГУ-115, ВК, МН) — ПП ТЭЦ-2 | C103: м | D103: 5312 | E103: 180 | F103: =ROUND(D103*E103,2) -> 956160 | G103: 1 | H103: =F103*G103 -> 956160 | I103: июль–август 2027
...

Sheet Помесячно
A1: СТОИМОСТЬ УСЛУГ ПО МЕСЯЦАМ 2027 г. (для актов), руб.
A3: Месяц | B3: Регламентное ТО, б/НДС | C3: Разовые работы, б/НДС | D3: Итого б/НДС | E3: НДС 22 % | F3: Итого с НДС | G3: Состав разовых работ
A4: Январь | B4: =КП!F100 -> 1491515.2 | C4: 0 | D4: =B4+C4 -> 1491515.2 | E4: =ROUND(D4*0.22,2) -> 328133.34 | F4: =D4+E4 -> 1819648.5
A5: Февраль | B5: =КП!F100 -> 1491515.2 | C5: 0 | D5: =B5+C5 -> 1491515.2 | E5: =ROUND(D5*0.22,2) -> 328133.34 | F5: =D5+E5 -> 1819648.5
A6: Март | B6: =КП!F100 -> 1491515.2 | C6: 0 | D6: =B6+C6 -> 1491515.2 | E6: =ROUND(D6*0.22,2) -> 328133.34 | F6: =D6+E6 -> 1819648.5
A7: Апрель | B7: =КП!F100 -> 1491515.2 | C7: 0 | D7: =B7+C7 -> 1491515.2 | E7: =ROUND(D7*0.22,2) -> 328133.34 | F7: =D7+E7 -> 1819648.5
A8: Май | B8: =КП!F100 -> 1491515.2 | C8: 28000 | D8: =B8+C8 -> 1519515.2 | E8: =ROUND(D8*0.22,2) -> 334293.34 | F8: =D8+E8 -> 1853808.5 | G8: Поверка манометров
A9: Июнь | B9: =КП!F100 -> 1491515.2 | C9: 90425 | D9: =B9+C9 -> 1581940.2 | E9: =ROUND(D9*0.22,2) -> 348026.84 | F9: =D9+E9 -> 1929967 | G9: Измерения ЭТЛ (металлосвязь, заземляющие устройства)
A10: Июль | B10: =КП!F100 -> 1491515.2 | C10: 478080 | D10: =B10+C10 -> 1969595.2 | E10: =ROUND(D10*0.22,2) -> 433310.94 | F10: =D10+E10 -> 2402906.1 | G10: Гидроиспытания и промывка ТЭЦ-2 (50 %)
A11: Август | B11: =КП!F100 -> 1491515.2 | C11: 610080 | D11: =B11+C11 -> 2101595.2 | E11: =ROUND(D11*0.22,2) -> 462350.94 | F11: =D11+E11 -> 2563946.1 | G11: Гидроиспытания и промывка ТЭЦ-2 (50 %), опробование с пуском
A12: Сентябрь | B12: =КП!F100 -> 1491515.2 | C12: 0 | D12: =B12+C12 -> 1491515.2 | E12: =ROUND(D12*0.22,2) -> 328133.34 | F12: =D12+E12 -> 1819648.5
A13: Октябрь | B13: =КП!F100 -> 1491515.2 | C13: 0 | D13: =B13+C13 -> 1491515.2 | E13: =ROUND(D13*0.22,2) -> 328133.34 | F13: =D13+E13 -> 1819648.5
A14: Ноябрь | B14: =КП!F100 -> 1491515.2 | C14: 0 | D14: =B14+C14 -> 1491515.2 | E14: =ROUND(D14*0.22,2) -> 328133.34 | F14: =D14+E14 -> 1819648.5
A15: Декабрь | B15: =КП!F100 -> 1491515.2 | C15: 0 | D15: =B15+C15 -> 1491515.2 | E15: =ROUND(D15*0.22,2) -> 328133.34 | F15: =D15+E15 -> 1819648.5
A16: Итого | B16: =SUM(B4:B15) -> 17898182 | C16: =SUM(C4:C15) -> 1206585 | D16: =SUM(D4:D15) -> 19104767 | E16: =SUM(E4:E15) -> 4203048.8 | F16: =SUM(F4:F15) -> 23307816
A18: Материалы ЗИП выставляются дополнительно по факту замены (лимит — раздел ЗИП листа «КП»).
